Date,Tray,Plant_ID,Images_Per_Day,Plant_Present_Count,Plant_Present_Fraction,Area_Median_pixels,Area_Mean_pixels,Area_Max_pixels,Width_Median_pixels,Width_Mean_pixels,Width_Max_pixels,Days_From_Start,Emergence_Detected,Emergence_DateTime,Emergence_Date,Emergence_Day_From_Start,Daily_Area_Change_pixels,Daily_Width_Change_pixels,Relative_Area_Growth_Rate
2026-06-08,T1,T1_P1,176,176,1.0,2803.5,2801.4829545454545,3211,65.0,63.02840909090909,72,0,1,2026-06-08 07:48:01,2026-06-08,0.0,,,
2026-06-09,T1,T1_P1,198,198,1.0,4928.0,4937.5,5740,85.0,85.27272727272727,98,1,1,2026-06-08 07:48:01,2026-06-08,0.0,2124.5,20.0,0.7578027465667915
2026-06-10,T1,T1_P1,161,161,1.0,7159.0,7115.869565217391,7682,105.0,106.52173913043478,119,2,1,2026-06-08 07:48:01,2026-06-08,0.0,2231.0,20.0,0.45271915584415584
2026-06-11,T1,T1_P1,199,198,0.9949748743718593,9974.0,10082.13567839196,11424,138.0,136.51256281407035,145,3,1,2026-06-08 07:48:01,2026-06-08,0.0,2815.0,33.0,0.39321134236625227
2026-06-12,T1,T1_P1,65,65,1.0,14308.0,14075.984615384616,14708,177.0,174.73846153846154,186,4,1,2026-06-08 07:48:01,2026-06-08,0.0,4334.0,39.0,0.4345297774212954
2026-06-13,T1,T1_P1,81,80,0.9876543209876543,15116.0,14915.234567901234,15561,164.0,167.6172839506173,195,5,1,2026-06-08 07:48:01,2026-06-08,0.0,808.0,-13.0,0.056471903830025164
2026-06-14,T1,T1_P1,71,71,1.0,22962.0,23102.549295774646,23943,269.0,271.84507042253523,303,6,1,2026-06-08 07:48:01,2026-06-08,0.0,7846.0,105.0,0.5190526594337126
2026-06-15,T1,T1_P1,144,144,1.0,17405.5,18239.868055555555,23622,215.0,216.34722222222223,235,7,1,2026-06-08 07:48:01,2026-06-08,0.0,-5556.5,-54.0,-0.2419867607351276
2026-06-16,T1,T1_P1,199,199,1.0,21407.0,21672.502512562813,27996,226.0,223.66834170854273,235,8,1,2026-06-08 07:48:01,2026-06-08,0.0,4001.5,11.0,0.22989859527160955
2026-06-17,T1,T1_P1,199,199,1.0,25855.0,25608.959798994976,31213,246.0,245.81909547738692,283,9,1,2026-06-08 07:48:01,2026-06-08,0.0,4448.0,20.0,0.20778250105105806
2026-06-18,T1,T1_P1,177,161,0.9096045197740112,30543.0,30655.361581920904,64018,292.0,266.15819209039546,332,10,1,2026-06-08 07:48:01,2026-06-08,0.0,4688.0,46.0,0.18131889383098046
2026-06-19,T1,T1_P1,198,198,1.0,69276.0,68176.27272727272,79072,414.0,410.7323232323232,414,11,1,2026-06-08 07:48:01,2026-06-08,0.0,38733.0,122.0,1.2681465474904234
2026-06-20,T1,T1_P1,27,27,1.0,86659.0,86833.88888888889,100126,505.0,503.6666666666667,508,12,1,2026-06-08 07:48:01,2026-06-08,0.0,17383.0,91.0,0.2509238408684104
2026-06-22,T1,T1_P1,177,176,0.9943502824858758,61849.0,62327.35028248587,84070,523.0,518.4689265536723,523,14,1,2026-06-08 07:48:01,2026-06-08,0.0,-24810.0,18.0,-0.28629455682618077
2026-06-08,T1,T1_P2,176,0,0.0,0.0,0.0,0,0.0,0.0,0,0,1,2026-06-09 06:33:59,2026-06-09,1.0,,,
2026-06-09,T1,T1_P2,198,185,0.9343434343434344,1118.5,1093.2676767676767,1904,46.0,42.10606060606061,52,1,1,2026-06-09 06:33:59,2026-06-09,1.0,1118.5,46.0,
2026-06-10,T1,T1_P2,161,161,1.0,4957.0,4871.496894409938,5217,93.0,91.74534161490683,99,2,1,2026-06-09 06:33:59,2026-06-09,1.0,3838.5,47.0,3.431828341528833
2026-06-11,T1,T1_P2,199,198,0.9949748743718593,8299.0,8259.763819095477,8563,125.0,123.37185929648241,134,3,1,2026-06-09 06:33:59,2026-06-09,1.0,3342.0,32.0,0.674198103691749
2026-06-12,T1,T1_P2,65,65,1.0,11954.0,11920.246153846154,12135,150.0,150.8923076923077,164,4,1,2026-06-09 06:33:59,2026-06-09,1.0,3655.0,25.0,0.44041450777202074
2026-06-13,T1,T1_P2,81,80,0.9876543209876543,14643.0,14475.95061728395,15276,172.0,171.92592592592592,186,5,1,2026-06-09 06:33:59,2026-06-09,1.0,2689.0,22.0,0.2249456248954325
2026-06-14,T1,T1_P2,71,71,1.0,19317.0,19364.478873239437,19804,210.0,211.83098591549296,223,6,1,2026-06-09 06:33:59,2026-06-09,1.0,4674.0,38.0,0.31919688588404016
2026-06-15,T1,T1_P2,144,143,0.9930555555555556,24458.0,24360.458333333332,25559,235.0,230.97916666666666,250,7,1,2026-06-09 06:33:59,2026-06-09,1.0,5141.0,25.0,0.266138634363514
2026-06-16,T1,T1_P2,199,197,0.9899497487437185,31491.0,31037.251256281408,32526,266.0,262.54773869346735,281,8,1,2026-06-09 06:33:59,2026-06-09,1.0,7033.0,31.0,0.28755417450323
2026-06-17,T1,T1_P2,199,198,0.9949748743718593,38816.0,38361.42211055276,40912,266.0,264.9246231155779,287,9,1,2026-06-09 06:33:59,2026-06-09,1.0,7325.0,0.0,0.23260614143723604
2026-06-18,T1,T1_P2,177,176,0.9943502824858758,65367.0,62163.16949152543,76124,431.0,413.4632768361582,444,10,1,2026-06-09 06:33:59,2026-06-09,1.0,26551.0,165.0,0.6840220527617478
2026-06-19,T1,T1_P2,198,196,0.98989898989899,94613.5,94077.88888888889,111766,476.0,459.92424242424244,487,11,1,2026-06-09 06:33:59,2026-06-09,1.0,29246.5,45.0,0.447419951963529
2026-06-20,T1,T1_P2,27,27,1.0,96378.0,96859.11111111111,104268,475.0,473.22222222222223,481,12,1,2026-06-09 06:33:59,2026-06-09,1.0,1764.5,-1.0,0.01864955846681499
2026-06-22,T1,T1_P2,177,176,0.9943502824858758,97798.0,94992.55932203389,113950,574.0,559.6610169491526,586,14,1,2026-06-09 06:33:59,2026-06-09,1.0,1420.0,99.0,0.014733652908340078
2026-06-08,T1,T1_P3,176,0,0.0,0.0,0.0,0,0.0,0.0,0,0,1,2026-06-09 06:19:27,2026-06-09,1.0,,,
2026-06-09,T1,T1_P3,198,194,0.9797979797979798,1523.5,1422.1969696969697,1997,48.0,49.88383838383838,70,1,1,2026-06-09 06:19:27,2026-06-09,1.0,1523.5,48.0,
2026-06-10,T1,T1_P3,161,160,0.9937888198757764,3618.0,3539.186335403727,3972,96.0,93.14285714285714,102,2,1,2026-06-09 06:19:27,2026-06-09,1.0,2094.5,48.0,1.3747948802100427
2026-06-11,T1,T1_P3,199,199,1.0,6001.0,5917.286432160804,6734,125.0,123.11557788944724,141,3,1,2026-06-09 06:19:27,2026-06-09,1.0,2383.0,29.0,0.6586511885019348
2026-06-12,T1,T1_P3,65,65,1.0,8963.0,8867.23076923077,9826,167.0,165.3846153846154,172,4,1,2026-06-09 06:19:27,2026-06-09,1.0,2962.0,42.0,0.49358440259956676
2026-06-13,T1,T1_P3,81,81,1.0,10153.0,10051.543209876543,10524,156.0,158.92592592592592,184,5,1,2026-06-09 06:19:27,2026-06-09,1.0,1190.0,-11.0,0.13276804641303136
2026-06-14,T1,T1_P3,71,71,1.0,12934.0,12971.718309859154,13922,216.0,215.49295774647888,223,6,1,2026-06-09 06:19:27,2026-06-09,1.0,2781.0,60.0,0.27390918940214715
2026-06-15,T1,T1_P3,144,144,1.0,16174.5,16328.673611111111,17750,255.0,253.47916666666666,261,7,1,2026-06-09 06:19:27,2026-06-09,1.0,3240.5,39.0,0.2505412092160198
2026-06-16,T1,T1_P3,199,199,1.0,18868.0,19142.52261306533,21381,284.0,281.0,296,8,1,2026-06-09 06:19:27,2026-06-09,1.0,2693.5,29.0,0.1665275588117098
2026-06-17,T1,T1_P3,199,199,1.0,22892.0,22777.402010050253,27791,302.0,294.3115577889447,323,9,1,2026-06-09 06:19:27,2026-06-09,1.0,4024.0,18.0,0.21327114691541235
2026-06-18,T1,T1_P3,177,158,0.8926553672316384,30304.0,30420.248587570622,50639,300.0,279.9491525423729,346,10,1,2026-06-09 06:19:27,2026-06-09,1.0,7412.0,-2.0,0.32378123361873146
2026-06-19,T1,T1_P3,198,198,1.0,90725.5,84496.00505050505,96780,389.0,382.32323232323233,389,11,1,2026-06-09 06:19:27,2026-06-09,1.0,60421.5,89.0,1.993845696937698
2026-06-20,T1,T1_P3,27,27,1.0,116033.0,115967.18518518518,118442,475.0,473.9259259259259,481,12,1,2026-06-09 06:19:27,2026-06-09,1.0,25307.5,86.0,0.2789458311059184
2026-06-22,T1,T1_P3,177,176,0.9943502824858758,103144.0,103833.65536723164,129972,639.0,633.8587570621469,639,14,1,2026-06-09 06:19:27,2026-06-09,1.0,-12889.0,164.0,-0.11108046848741307
2026-06-08,T1,T1_P4,176,0,0.0,0.0,0.0,0,0.0,0.0,0,0,1,2026-06-12 06:00:00,2026-06-12,4.0,,,
2026-06-09,T1,T1_P4,198,0,0.0,0.0,0.0,0,0.0,0.0,0,1,1,2026-06-12 06:00:00,2026-06-12,4.0,0.0,0.0,
2026-06-10,T1,T1_P4,161,0,0.0,0.0,0.0,0,0.0,0.0,0,2,1,2026-06-12 06:00:00,2026-06-12,4.0,0.0,0.0,
2026-06-11,T1,T1_P4,199,0,0.0,0.0,0.0,0,0.0,0.0,0,3,1,2026-06-12 06:00:00,2026-06-12,4.0,0.0,0.0,
2026-06-12,T1,T1_P4,65,65,1.0,2444.0,2414.3076923076924,2720,68.0,67.47692307692307,72,4,1,2026-06-12 06:00:00,2026-06-12,4.0,2444.0,68.0,
2026-06-13,T1,T1_P4,81,80,0.9876543209876543,4830.0,4849.185185185185,5587,88.0,87.53086419753086,100,5,1,2026-06-12 06:00:00,2026-06-12,4.0,2386.0,20.0,0.9762684124386252
2026-06-14,T1,T1_P4,71,71,1.0,8720.0,8696.802816901409,9089,134.0,134.08450704225353,140,6,1,2026-06-12 06:00:00,2026-06-12,4.0,3890.0,46.0,0.8053830227743272
2026-06-15,T1,T1_P4,144,143,0.9930555555555556,11852.5,11756.194444444445,12394,169.0,167.95138888888889,179,7,1,2026-06-12 06:00:00,2026-06-12,4.0,3132.5,35.0,0.35923165137614677
2026-06-16,T1,T1_P4,199,197,0.9899497487437185,15362.0,15239.542713567838,16385,210.0,205.58291457286433,221,8,1,2026-06-12 06:00:00,2026-06-12,4.0,3509.5,41.0,0.29609786964775364
2026-06-17,T1,T1_P4,199,198,0.9949748743718593,19734.0,19658.73366834171,20402,248.0,244.28643216080403,260,9,1,2026-06-12 06:00:00,2026-06-12,4.0,4372.0,38.0,0.28459835958859525
2026-06-18,T1,T1_P4,177,176,0.9943502824858758,11830.0,12608.350282485875,24607,257.0,231.65536723163842,310,10,1,2026-06-12 06:00:00,2026-06-12,4.0,-7904.0,9.0,-0.4005270092226614
2026-06-19,T1,T1_P4,198,196,0.98989898989899,18933.5,18766.237373737375,23251,312.5,307.4191919191919,347,11,1,2026-06-12 06:00:00,2026-06-12,4.0,7103.5,55.5,0.6004649196956889
2026-06-20,T1,T1_P4,27,27,1.0,28843.0,28875.0,31336,372.0,370.037037037037,397,12,1,2026-06-12 06:00:00,2026-06-12,4.0,9909.5,59.5,0.52338447724932
2026-06-22,T1,T1_P4,177,176,0.9943502824858758,42990.0,42881.418079096045,52943,436.0,422.1864406779661,448,14,1,2026-06-12 06:00:00,2026-06-12,4.0,14147.0,64.0,0.4904829594702354
2026-06-08,T2,T2_P1,176,175,0.9943181818181818,2309.5,2006.340909090909,3090,68.0,65.4659090909091,75,0,1,2026-06-08 07:48:01,2026-06-08,0.0,,,
2026-06-09,T2,T2_P1,198,197,0.9949494949494949,5822.5,5864.89898989899,6729,103.0,103.47979797979798,114,1,1,2026-06-08 07:48:01,2026-06-08,0.0,3513.0,35.0,1.521108465035722
2026-06-10,T2,T2_P1,161,160,0.9937888198757764,10785.0,10690.223602484471,11292,146.0,146.1863354037267,160,2,1,2026-06-08 07:48:01,2026-06-08,0.0,4962.5,43.0,0.8522971232288535
2026-06-11,T2,T2_P1,199,198,0.9949748743718593,15825.0,15703.532663316582,16292,186.0,183.63316582914572,198,3,1,2026-06-08 07:48:01,2026-06-08,0.0,5040.0,40.0,0.4673157162726008
2026-06-12,T2,T2_P1,65,65,1.0,20469.0,20439.169230769232,20891,223.0,222.53846153846155,235,4,1,2026-06-08 07:48:01,2026-06-08,0.0,4644.0,37.0,0.29345971563981044
2026-06-13,T2,T2_P1,81,80,0.9876543209876543,24493.0,24146.012345679013,25178,254.0,252.82716049382717,269,5,1,2026-06-08 07:48:01,2026-06-08,0.0,4024.0,31.0,0.19658996531340076
2026-06-14,T2,T2_P1,71,71,1.0,30402.0,30222.281690140844,31059,298.0,297.92957746478874,313,6,1,2026-06-08 07:48:01,2026-06-08,0.0,5909.0,44.0,0.24125260278446903
2026-06-15,T2,T2_P1,144,143,0.9930555555555556,35253.0,34766.020833333336,36768,347.0,339.56944444444446,354,7,1,2026-06-08 07:48:01,2026-06-08,0.0,4851.0,49.0,0.1595618709295441
2026-06-16,T2,T2_P1,199,197,0.9899497487437185,41735.0,41178.26633165829,45062,385.0,379.0100502512563,395,8,1,2026-06-08 07:48:01,2026-06-08,0.0,6482.0,38.0,0.18387087623748333
2026-06-17,T2,T2_P1,199,198,0.9949748743718593,58928.0,57905.582914572864,64619,446.0,444.37688442211055,469,9,1,2026-06-08 07:48:01,2026-06-08,0.0,17193.0,61.0,0.41195639151791064
2026-06-18,T2,T2_P1,177,176,0.9943502824858758,58583.0,56895.64971751413,78649,491.0,462.090395480226,608,10,1,2026-06-08 07:48:01,2026-06-08,0.0,-345.0,45.0,-0.005854602226445832
2026-06-19,T2,T2_P1,198,196,0.98989898989899,97086.5,97034.07070707071,119579,608.5,603.8131313131313,635,11,1,2026-06-08 07:48:01,2026-06-08,0.0,38503.5,117.5,0.6572469829131318
2026-06-20,T2,T2_P1,27,27,1.0,129543.0,137151.11111111112,163829,711.0,706.2222222222222,718,12,1,2026-06-08 07:48:01,2026-06-08,0.0,32456.5,102.5,0.3343049754600279
2026-06-22,T2,T2_P1,177,176,0.9943502824858758,184452.0,176661.30508474575,209667,760.0,755.4463276836158,760,14,1,2026-06-08 07:48:01,2026-06-08,0.0,54909.0,49.0,0.4238669785322248
2026-06-08,T2,T2_P2,176,0,0.0,0.0,0.0,0,0.0,0.0,0,0,0,,,,0.0,0.0,
2026-06-09,T2,T2_P2,198,0,0.0,0.0,0.0,0,0.0,0.0,0,1,0,,,,0.0,0.0,
2026-06-10,T2,T2_P2,161,0,0.0,0.0,0.0,0,0.0,0.0,0,2,0,,,,0.0,0.0,
2026-06-11,T2,T2_P2,199,0,0.0,0.0,0.0,0,0.0,0.0,0,3,0,,,,0.0,0.0,
2026-06-12,T2,T2_P2,65,0,0.0,0.0,0.0,0,0.0,0.0,0,4,0,,,,0.0,0.0,
2026-06-13,T2,T2_P2,81,0,0.0,0.0,0.0,0,0.0,0.0,0,5,0,,,,0.0,0.0,
2026-06-14,T2,T2_P2,71,0,0.0,0.0,0.0,0,0.0,0.0,0,6,0,,,,0.0,0.0,
2026-06-15,T2,T2_P2,144,0,0.0,0.0,0.0,0,0.0,0.0,0,7,0,,,,0.0,0.0,
2026-06-16,T2,T2_P2,199,0,0.0,0.0,0.0,0,0.0,0.0,0,8,0,,,,0.0,0.0,
2026-06-17,T2,T2_P2,199,0,0.0,0.0,0.0,0,0.0,0.0,0,9,0,,,,0.0,0.0,
2026-06-18,T2,T2_P2,177,0,0.0,0.0,0.0,0,0.0,0.0,0,10,0,,,,0.0,0.0,
2026-06-19,T2,T2_P2,198,0,0.0,0.0,0.0,0,0.0,0.0,0,11,0,,,,0.0,0.0,
2026-06-20,T2,T2_P2,27,0,0.0,0.0,0.0,0,0.0,0.0,0,12,0,,,,0.0,0.0,
2026-06-22,T2,T2_P2,177,0,0.0,0.0,0.0,0,0.0,0.0,0,14,0,,,,0.0,0.0,
2026-06-08,T2,T2_P3,176,0,0.0,0.0,0.0,0,0.0,0.0,0,0,1,2026-06-09 08:20:58,2026-06-09,1.0,,,
2026-06-09,T2,T2_P3,198,148,0.7474747474747475,621.5,532.469696969697,994,27.0,24.12121212121212,48,1,1,2026-06-09 08:20:58,2026-06-09,1.0,621.5,27.0,
2026-06-10,T2,T2_P3,161,160,0.9937888198757764,4407.0,4346.260869565217,4820,98.0,97.04968944099379,107,2,1,2026-06-09 08:20:58,2026-06-09,1.0,3785.5,71.0,6.090909090909091
2026-06-11,T2,T2_P3,199,199,1.0,7804.0,7754.718592964824,8272,136.0,134.02010050251258,142,3,1,2026-06-09 08:20:58,2026-06-09,1.0,3397.0,38.0,0.7708191513501248
2026-06-12,T2,T2_P3,65,65,1.0,11195.0,11193.153846153846,11607,180.0,177.96923076923076,188,4,1,2026-06-09 08:20:58,2026-06-09,1.0,3391.0,44.0,0.43452075858534084
2026-06-13,T2,T2_P3,81,80,0.9876543209876543,15300.0,15128.777777777777,15820,203.0,202.64197530864197,220,5,1,2026-06-09 08:20:58,2026-06-09,1.0,4105.0,23.0,0.366681554265297
2026-06-14,T2,T2_P3,71,71,1.0,19789.0,19773.49295774648,20087,250.0,249.53521126760563,260,6,1,2026-06-09 08:20:58,2026-06-09,1.0,4489.0,47.0,0.2933986928104575
2026-06-15,T2,T2_P3,144,143,0.9930555555555556,24498.5,24414.034722222223,25577,288.5,281.4166666666667,300,7,1,2026-06-09 08:20:58,2026-06-09,1.0,4709.5,38.5,0.2379857496589014
2026-06-16,T2,T2_P3,199,197,0.9899497487437185,29832.0,29532.125628140704,30456,324.0,318.31658291457285,336,8,1,2026-06-09 08:20:58,2026-06-09,1.0,5333.5,35.5,0.21770720656366715
2026-06-17,T2,T2_P3,199,198,0.9949748743718593,35933.0,35560.10552763819,36844,366.0,363.00502512562815,379,9,1,2026-06-09 08:20:58,2026-06-09,1.0,6101.0,42.0,0.20451193349423438
2026-06-18,T2,T2_P3,177,177,1.0,39589.0,34576.06779661017,54832,388.0,353.5762711864407,431,10,1,2026-06-09 08:20:58,2026-06-09,1.0,3656.0,22.0,0.10174491414577129
2026-06-19,T2,T2_P3,198,196,0.98989898989899,35583.5,34163.0101010101,41972,407.5,406.0656565656566,434,11,1,2026-06-09 08:20:58,2026-06-09,1.0,-4005.5,19.5,-0.10117709464750309
2026-06-20,T2,T2_P3,27,27,1.0,55550.0,54547.07407407407,62300,505.0,490.48148148148147,517,12,1,2026-06-09 08:20:58,2026-06-09,1.0,19966.5,97.5,0.5611168097573314
2026-06-22,T2,T2_P3,177,176,0.9943502824858758,88060.0,82430.76836158193,102019,624.0,621.4858757062146,657,14,1,2026-06-09 08:20:58,2026-06-09,1.0,32510.0,119.0,0.5852385238523853
2026-06-08,T2,T2_P4,176,0,0.0,0.0,0.0,0,0.0,0.0,0,0,1,2026-06-15 15:14:15,2026-06-15,7.0,,,
2026-06-09,T2,T2_P4,198,0,0.0,0.0,0.0,0,0.0,0.0,0,1,1,2026-06-15 15:14:15,2026-06-15,7.0,0.0,0.0,
2026-06-10,T2,T2_P4,161,0,0.0,0.0,0.0,0,0.0,0.0,0,2,1,2026-06-15 15:14:15,2026-06-15,7.0,0.0,0.0,
2026-06-11,T2,T2_P4,199,0,0.0,0.0,0.0,0,0.0,0.0,0,3,1,2026-06-15 15:14:15,2026-06-15,7.0,0.0,0.0,
2026-06-12,T2,T2_P4,65,0,0.0,0.0,0.0,0,0.0,0.0,0,4,1,2026-06-15 15:14:15,2026-06-15,7.0,0.0,0.0,
2026-06-13,T2,T2_P4,81,0,0.0,0.0,0.0,0,0.0,0.0,0,5,1,2026-06-15 15:14:15,2026-06-15,7.0,0.0,0.0,
2026-06-14,T2,T2_P4,71,0,0.0,0.0,0.0,0,0.0,0.0,0,6,1,2026-06-15 15:14:15,2026-06-15,7.0,0.0,0.0,
2026-06-15,T2,T2_P4,144,66,0.4583333333333333,0.0,290.6875,848,0.0,14.756944444444445,39,7,1,2026-06-15 15:14:15,2026-06-15,7.0,0.0,0.0,
2026-06-16,T2,T2_P4,199,148,0.7437185929648241,644.0,567.8894472361809,1224,28.0,22.738693467336685,41,8,1,2026-06-15 15:14:15,2026-06-15,7.0,644.0,28.0,
2026-06-17,T2,T2_P4,199,196,0.9849246231155779,987.0,991.5929648241206,1626,37.0,35.97487437185929,50,9,1,2026-06-15 15:14:15,2026-06-15,7.0,343.0,9.0,0.532608695652174
2026-06-18,T2,T2_P4,177,131,0.7401129943502824,813.0,1420.2090395480227,9921,37.0,48.19774011299435,274,10,1,2026-06-15 15:14:15,2026-06-15,7.0,-174.0,0.0,-0.1762917933130699
2026-06-19,T2,T2_P4,198,120,0.6060606060606061,547.5,397.449494949495,1163,28.0,20.893939393939394,50,11,1,2026-06-15 15:14:15,2026-06-15,7.0,-265.5,-9.0,-0.32656826568265684
2026-06-20,T2,T2_P4,27,14,0.5185185185185185,501.0,376.7037037037037,1025,33.0,20.333333333333332,46,12,1,2026-06-15 15:14:15,2026-06-15,7.0,-46.5,5.0,-0.08493150684931507
2026-06-22,T2,T2_P4,177,176,0.9943502824858758,7413.0,7171.112994350283,8309,155.0,149.71186440677965,174,14,1,2026-06-15 15:14:15,2026-06-15,7.0,6912.0,122.0,13.796407185628743
2026-06-08,T3,T3_P1,176,33,0.1875,0.0,129.07954545454547,851,0.0,4.380681818181818,28,0,1,2026-06-08 19:18:22,2026-06-08,0.0,,,
2026-06-09,T3,T3_P1,198,198,1.0,4360.5,4244.469696969697,5651,169.0,169.82828282828282,189,1,1,2026-06-08 19:18:22,2026-06-08,0.0,4360.5,169.0,
2026-06-10,T3,T3_P1,161,160,0.9937888198757764,7184.0,7168.770186335404,8147,127.0,127.08695652173913,213,2,1,2026-06-08 19:18:22,2026-06-08,0.0,2823.5,-42.0,0.6475174865267744
2026-06-11,T3,T3_P1,199,198,0.9949748743718593,11531.0,11471.979899497488,12041,180.0,176.62311557788945,187,3,1,2026-06-08 19:18:22,2026-06-08,0.0,4347.0,53.0,0.6050946547884187
2026-06-12,T3,T3_P1,65,65,1.0,15431.0,15432.046153846153,15671,218.0,220.4,231,4,1,2026-06-08 19:18:22,2026-06-08,0.0,3900.0,38.0,0.3382187147688839
2026-06-13,T3,T3_P1,81,80,0.9876543209876543,23120.0,22725.456790123455,23559,270.0,270.1111111111111,289,5,1,2026-06-08 19:18:22,2026-06-08,0.0,7689.0,52.0,0.49828267772665413
2026-06-14,T3,T3_P1,71,71,1.0,29962.0,29917.901408450703,30317,339.0,336.6056338028169,347,6,1,2026-06-08 19:18:22,2026-06-08,0.0,6842.0,69.0,0.29593425605536333
2026-06-15,T3,T3_P1,144,143,0.9930555555555556,37985.5,37659.03472222222,39016,399.0,391.3611111111111,413,7,1,2026-06-08 19:18:22,2026-06-08,0.0,8023.5,60.0,0.26778919965289366
2026-06-16,T3,T3_P1,199,199,1.0,46413.0,45348.175879396986,48420,452.0,434.9396984924623,466,8,1,2026-06-08 19:18:22,2026-06-08,0.0,8427.5,53.0,0.2218609732661147
2026-06-17,T3,T3_P1,199,199,1.0,65141.0,64150.994974874375,67604,496.0,492.1608040201005,510,9,1,2026-06-08 19:18:22,2026-06-08,0.0,18728.0,44.0,0.40350763794626504
2026-06-18,T3,T3_P1,177,177,1.0,73323.0,61945.4011299435,77264,458.0,460.24858757062145,549,10,1,2026-06-08 19:18:22,2026-06-08,0.0,8182.0,-38.0,0.12560445802182957
2026-06-19,T3,T3_P1,198,198,1.0,112636.0,111648.52525252526,118865,504.0,499.27272727272725,510,11,1,2026-06-08 19:18:22,2026-06-08,0.0,39313.0,46.0,0.5361619137242066
2026-06-20,T3,T3_P1,27,27,1.0,140795.0,141497.25925925927,147627,537.0,534.925925925926,547,12,1,2026-06-08 19:18:22,2026-06-08,0.0,28159.0,33.0,0.25
2026-06-22,T3,T3_P1,177,176,0.9943502824858758,145970.0,146154.97175141243,167498,639.0,635.3728813559322,639,14,1,2026-06-08 19:18:22,2026-06-08,0.0,5175.0,102.0,0.036755566603927696
2026-06-08,T3,T3_P2,176,0,0.0,0.0,0.0,0,0.0,0.0,0,0,1,2026-06-10 06:00:00,2026-06-10,2.0,,,
2026-06-09,T3,T3_P2,198,0,0.0,0.0,0.0,0,0.0,0.0,0,1,1,2026-06-10 06:00:00,2026-06-10,2.0,0.0,0.0,
2026-06-10,T3,T3_P2,161,160,0.9937888198757764,1441.0,1433.3540372670807,1916,63.0,59.91925465838509,75,2,1,2026-06-10 06:00:00,2026-06-10,2.0,1441.0,63.0,
2026-06-11,T3,T3_P2,199,199,1.0,4071.0,4366.231155778894,11473,106.0,117.53768844221105,275,3,1,2026-06-10 06:00:00,2026-06-10,2.0,2630.0,43.0,1.8251214434420542
2026-06-12,T3,T3_P2,65,65,1.0,6802.0,6825.138461538461,7330,158.0,157.46153846153845,164,4,1,2026-06-10 06:00:00,2026-06-10,2.0,2731.0,52.0,0.6708425448292803
2026-06-13,T3,T3_P2,81,80,0.9876543209876543,11026.0,10897.876543209877,11665,191.0,192.19753086419752,219,5,1,2026-06-10 06:00:00,2026-06-10,2.0,4224.0,33.0,0.6209938253454866
2026-06-14,T3,T3_P2,71,71,1.0,16168.0,16110.492957746479,16796,299.0,296.943661971831,311,6,1,2026-06-10 06:00:00,2026-06-10,2.0,5142.0,108.0,0.466352258298567
2026-06-15,T3,T3_P2,144,144,1.0,23815.5,23824.006944444445,27221,357.5,354.7916666666667,378,7,1,2026-06-10 06:00:00,2026-06-10,2.0,7647.5,58.5,0.4730022266204849
2026-06-16,T3,T3_P2,199,199,1.0,31512.0,31406.56783919598,35537,433.0,428.29145728643215,452,8,1,2026-06-10 06:00:00,2026-06-10,2.0,7696.5,75.5,0.32317188385715184
2026-06-17,T3,T3_P2,199,199,1.0,37093.0,36845.93969849246,41415,501.0,499.9748743718593,522,9,1,2026-06-10 06:00:00,2026-06-10,2.0,5581.0,68.0,0.1771071337903021
2026-06-18,T3,T3_P2,177,177,1.0,44361.0,41687.497175141245,48271,448.0,451.7683615819209,545,10,1,2026-06-10 06:00:00,2026-06-10,2.0,7268.0,-53.0,0.1959399347585798
2026-06-19,T3,T3_P2,198,198,1.0,76758.5,74481.58585858585,81137,513.5,510.9848484848485,525,11,1,2026-06-10 06:00:00,2026-06-10,2.0,32397.5,65.5,0.7303149162552692
2026-06-20,T3,T3_P2,27,27,1.0,96064.0,95595.70370370371,99637,546.0,543.925925925926,553,12,1,2026-06-10 06:00:00,2026-06-10,2.0,19305.5,32.5,0.2515096047994685
2026-06-22,T3,T3_P2,177,177,1.0,134896.0,133817.61016949153,144811,688.0,687.909604519774,688,14,1,2026-06-10 06:00:00,2026-06-10,2.0,38832.0,142.0,0.4042305129913391
2026-06-08,T3,T3_P3,176,0,0.0,0.0,0.0,0,0.0,0.0,0,0,0,,,,0.0,0.0,
2026-06-09,T3,T3_P3,198,0,0.0,0.0,0.0,0,0.0,0.0,0,1,0,,,,0.0,0.0,
2026-06-10,T3,T3_P3,161,0,0.0,0.0,0.0,0,0.0,0.0,0,2,0,,,,0.0,0.0,
2026-06-11,T3,T3_P3,199,0,0.0,0.0,0.0,0,0.0,0.0,0,3,0,,,,0.0,0.0,
2026-06-12,T3,T3_P3,65,0,0.0,0.0,0.0,0,0.0,0.0,0,4,0,,,,0.0,0.0,
2026-06-13,T3,T3_P3,81,0,0.0,0.0,0.0,0,0.0,0.0,0,5,0,,,,0.0,0.0,
2026-06-14,T3,T3_P3,71,0,0.0,0.0,0.0,0,0.0,0.0,0,6,0,,,,0.0,0.0,
2026-06-15,T3,T3_P3,144,0,0.0,0.0,0.0,0,0.0,0.0,0,7,0,,,,0.0,0.0,
2026-06-16,T3,T3_P3,199,0,0.0,0.0,0.0,0,0.0,0.0,0,8,0,,,,0.0,0.0,
2026-06-17,T3,T3_P3,199,0,0.0,0.0,0.0,0,0.0,0.0,0,9,0,,,,0.0,0.0,
2026-06-18,T3,T3_P3,177,0,0.0,0.0,0.0,0,0.0,0.0,0,10,0,,,,0.0,0.0,
2026-06-19,T3,T3_P3,198,0,0.0,0.0,0.0,0,0.0,0.0,0,11,0,,,,0.0,0.0,
2026-06-20,T3,T3_P3,27,0,0.0,0.0,0.0,0,0.0,0.0,0,12,0,,,,0.0,0.0,
2026-06-22,T3,T3_P3,177,0,0.0,0.0,0.0,0,0.0,0.0,0,14,0,,,,0.0,0.0,
2026-06-08,T3,T3_P4,176,0,0.0,0.0,0.0,0,0.0,0.0,0,0,1,2026-06-11 06:00:00,2026-06-11,3.0,,,
2026-06-09,T3,T3_P4,198,0,0.0,0.0,0.0,0,0.0,0.0,0,1,1,2026-06-11 06:00:00,2026-06-11,3.0,0.0,0.0,
2026-06-10,T3,T3_P4,161,0,0.0,0.0,0.0,0,0.0,0.0,0,2,1,2026-06-11 06:00:00,2026-06-11,3.0,0.0,0.0,
2026-06-11,T3,T3_P4,199,191,0.9597989949748744,1811.0,4086.7035175879396,29950,232.0,227.52763819095478,342,3,1,2026-06-11 06:00:00,2026-06-11,3.0,1811.0,232.0,
2026-06-12,T3,T3_P4,65,0,0.0,0.0,0.0,0,0.0,0.0,0,4,1,2026-06-11 06:00:00,2026-06-11,3.0,-1811.0,-232.0,-1.0
2026-06-13,T3,T3_P4,81,0,0.0,0.0,0.0,0,0.0,0.0,0,5,1,2026-06-11 06:00:00,2026-06-11,3.0,0.0,0.0,
2026-06-14,T3,T3_P4,71,71,1.0,1953.0,1882.8169014084508,2658,76.0,69.77464788732394,87,6,1,2026-06-11 06:00:00,2026-06-11,3.0,1953.0,76.0,
2026-06-15,T3,T3_P4,144,143,0.9930555555555556,2999.0,2985.9305555555557,4020,76.0,77.52083333333333,91,7,1,2026-06-11 06:00:00,2026-06-11,3.0,1046.0,0.0,0.5355862775217614
2026-06-16,T3,T3_P4,199,199,1.0,7435.0,7358.226130653266,8427,104.0,104.38190954773869,114,8,1,2026-06-11 06:00:00,2026-06-11,3.0,4436.0,28.0,1.4791597199066355
2026-06-17,T3,T3_P4,199,199,1.0,12410.0,12105.924623115578,13596,154.0,151.26633165829145,169,9,1,2026-06-11 06:00:00,2026-06-11,3.0,4975.0,50.0,0.6691324815063887
2026-06-18,T3,T3_P4,177,177,1.0,12276.0,12055.463276836159,16443,186.0,182.5819209039548,194,10,1,2026-06-11 06:00:00,2026-06-11,3.0,-134.0,32.0,-0.010797743755036261
2026-06-19,T3,T3_P4,198,198,1.0,15748.0,15508.79292929293,16511,249.0,244.65151515151516,260,11,1,2026-06-11 06:00:00,2026-06-11,3.0,3472.0,63.0,0.2828282828282828
2026-06-20,T3,T3_P4,27,27,1.0,18343.0,18339.0,19431,269.0,266.6666666666667,274,12,1,2026-06-11 06:00:00,2026-06-11,3.0,2595.0,20.0,0.16478282956565912
2026-06-22,T3,T3_P4,177,177,1.0,32195.0,30516.666666666668,38049,394.0,385.5141242937853,406,14,1,2026-06-11 06:00:00,2026-06-11,3.0,13852.0,125.0,0.7551654582129422
2026-06-08,T4,T4_P1,176,0,0.0,0.0,0.0,0,0.0,0.0,0,0,1,2026-06-09 07:13:16,2026-06-09,1.0,,,
2026-06-09,T4,T4_P1,198,182,0.9191919191919192,1800.0,1713.7272727272727,2417,44.0,41.13636363636363,55,1,1,2026-06-09 07:13:16,2026-06-09,1.0,1800.0,44.0,
2026-06-10,T4,T4_P1,161,160,0.9937888198757764,2864.0,2845.0434782608695,3738,57.0,55.5527950310559,80,2,1,2026-06-09 07:13:16,2026-06-09,1.0,1064.0,13.0,0.5911111111111111
2026-06-11,T4,T4_P1,199,198,0.9949748743718593,4352.0,4530.829145728643,6111,102.0,89.14070351758794,113,3,1,2026-06-09 07:13:16,2026-06-09,1.0,1488.0,45.0,0.5195530726256983
2026-06-12,T4,T4_P1,65,65,1.0,7117.0,6788.6,8349,140.0,137.2923076923077,148,4,1,2026-06-09 07:13:16,2026-06-09,1.0,2765.0,38.0,0.6353400735294118
2026-06-13,T4,T4_P1,81,81,1.0,8431.0,7983.185185185185,9307,134.0,134.65432098765433,144,5,1,2026-06-09 07:13:16,2026-06-09,1.0,1314.0,-6.0,0.18462835464381058
2026-06-14,T4,T4_P1,71,71,1.0,10833.0,10393.661971830987,13337,180.0,178.33802816901408,186,6,1,2026-06-09 07:13:16,2026-06-09,1.0,2402.0,46.0,0.2849009607401257
2026-06-15,T4,T4_P1,144,144,1.0,11041.0,11096.798611111111,14074,182.0,182.02083333333334,204,7,1,2026-06-09 07:13:16,2026-06-09,1.0,208.0,2.0,0.019200590787408843
2026-06-16,T4,T4_P1,199,199,1.0,13050.0,13363.346733668342,19944,224.0,224.76381909547737,280,8,1,2026-06-09 07:13:16,2026-06-09,1.0,2009.0,42.0,0.18195815596413367
2026-06-17,T4,T4_P1,199,199,1.0,14513.0,14580.48743718593,21262,242.0,242.643216080402,296,9,1,2026-06-09 07:13:16,2026-06-09,1.0,1463.0,18.0,0.11210727969348659
2026-06-18,T4,T4_P1,177,177,1.0,23150.0,20868.344632768363,31755,250.0,246.42937853107344,340,10,1,2026-06-09 07:13:16,2026-06-09,1.0,8637.0,8.0,0.5951216151037001
2026-06-19,T4,T4_P1,198,198,1.0,67001.0,64484.87373737374,75353,345.0,330.7929292929293,399,11,1,2026-06-09 07:13:16,2026-06-09,1.0,43851.0,95.0,1.8942116630669545
2026-06-20,T4,T4_P1,27,27,1.0,101503.0,101415.11111111111,106496,438.0,439.4074074074074,459,12,1,2026-06-09 07:13:16,2026-06-09,1.0,34502.0,93.0,0.5149475380964463
2026-06-22,T4,T4_P1,177,176,0.9943502824858758,73079.0,73250.14689265536,85702,501.0,492.6553672316384,501,14,1,2026-06-09 07:13:16,2026-06-09,1.0,-28424.0,63.0,-0.280031132084766
2026-06-08,T4,T4_P2,176,176,1.0,2102.0,2090.9772727272725,2540,60.0,59.97727272727273,68,0,1,2026-06-08 07:48:01,2026-06-08,0.0,,,
2026-06-09,T4,T4_P2,198,198,1.0,4393.5,4281.959595959596,4711,91.0,89.01515151515152,99,1,1,2026-06-08 07:48:01,2026-06-08,0.0,2291.5,31.0,1.090152235965747
2026-06-10,T4,T4_P2,161,161,1.0,6934.0,6912.385093167702,7543,115.0,116.14285714285714,134,2,1,2026-06-08 07:48:01,2026-06-08,0.0,2540.5,24.0,0.5782405826789575
2026-06-11,T4,T4_P2,199,199,1.0,10282.0,10170.502512562814,10763,153.0,152.74874371859298,170,3,1,2026-06-08 07:48:01,2026-06-08,0.0,3348.0,38.0,0.4828381886357081
2026-06-12,T4,T4_P2,65,65,1.0,13204.0,13421.092307692308,14128,188.0,191.16923076923078,205,4,1,2026-06-08 07:48:01,2026-06-08,0.0,2922.0,35.0,0.284185956039681
2026-06-13,T4,T4_P2,81,81,1.0,19186.0,19023.58024691358,20095,228.0,228.88888888888889,243,5,1,2026-06-08 07:48:01,2026-06-08,0.0,5982.0,40.0,0.4530445319600121
2026-06-14,T4,T4_P2,71,71,1.0,23967.0,24247.661971830985,25308,285.0,283.2112676056338,295,6,1,2026-06-08 07:48:01,2026-06-08,0.0,4781.0,57.0,0.24919211925362245
2026-06-15,T4,T4_P2,144,144,1.0,32658.0,32412.208333333332,33245,343.5,340.0486111111111,350,7,1,2026-06-08 07:48:01,2026-06-08,0.0,8691.0,58.5,0.36262360746025785
2026-06-16,T4,T4_P2,199,199,1.0,43602.0,42707.39698492462,45643,397.0,393.9497487437186,406,8,1,2026-06-08 07:48:01,2026-06-08,0.0,10944.0,53.5,0.3351093147161492
2026-06-17,T4,T4_P2,199,199,1.0,61887.0,61049.54271356784,64607,465.0,462.0100502512563,478,9,1,2026-06-08 07:48:01,2026-06-08,0.0,18285.0,68.0,0.4193614971790285
2026-06-18,T4,T4_P2,177,177,1.0,74103.0,66357.62711864407,79225,492.0,460.3502824858757,499,10,1,2026-06-08 07:48:01,2026-06-08,0.0,12216.0,27.0,0.1973920209413932
2026-06-19,T4,T4_P2,198,198,1.0,91819.5,92030.83333333333,100958,529.0,524.2525252525253,538,11,1,2026-06-08 07:48:01,2026-06-08,0.0,17716.5,37.0,0.23907938949840088
2026-06-20,T4,T4_P2,27,27,1.0,116910.0,117363.74074074074,121649,539.0,536.074074074074,542,12,1,2026-06-08 07:48:01,2026-06-08,0.0,25090.5,10.0,0.273258948262624
2026-06-22,T4,T4_P2,177,177,1.0,156837.0,160237.42372881356,186519,820.0,818.4463276836158,820,14,1,2026-06-08 07:48:01,2026-06-08,0.0,39927.0,281.0,0.34151911726969464
2026-06-08,T4,T4_P3,176,0,0.0,0.0,0.0,0,0.0,0.0,0,0,1,2026-06-10 06:00:00,2026-06-10,2.0,,,
2026-06-09,T4,T4_P3,198,0,0.0,0.0,0.0,0,0.0,0.0,0,1,1,2026-06-10 06:00:00,2026-06-10,2.0,0.0,0.0,
2026-06-10,T4,T4_P3,161,161,1.0,2146.0,2069.1739130434785,2733,64.0,63.05590062111801,72,2,1,2026-06-10 06:00:00,2026-06-10,2.0,2146.0,64.0,
2026-06-11,T4,T4_P3,199,199,1.0,4521.0,4411.86432160804,5283,90.0,89.1105527638191,97,3,1,2026-06-10 06:00:00,2026-06-10,2.0,2375.0,26.0,1.1067101584342964
2026-06-12,T4,T4_P3,65,65,1.0,7343.0,7970.215384615384,19154,115.0,138.16923076923078,237,4,1,2026-06-10 06:00:00,2026-06-10,2.0,2822.0,25.0,0.6241981862419819
2026-06-13,T4,T4_P3,81,81,1.0,11927.0,12081.913580246914,14351,134.0,137.33333333333334,161,5,1,2026-06-10 06:00:00,2026-06-10,2.0,4584.0,19.0,0.6242680103499932
2026-06-14,T4,T4_P3,71,71,1.0,19213.0,19185.464788732395,21725,174.0,173.18309859154928,180,6,1,2026-06-10 06:00:00,2026-06-10,2.0,7286.0,40.0,0.6108828707973506
2026-06-15,T4,T4_P3,144,144,1.0,24854.5,24561.222222222223,25621,200.0,198.45138888888889,204,7,1,2026-06-10 06:00:00,2026-06-10,2.0,5641.5,26.0,0.29362931348566074
2026-06-16,T4,T4_P3,199,199,1.0,30961.0,29573.35175879397,31715,198.0,193.45226130653268,207,8,1,2026-06-10 06:00:00,2026-06-10,2.0,6106.5,-2.0,0.24568991530708725
2026-06-17,T4,T4_P3,199,199,1.0,29007.0,28695.834170854272,31447,175.0,173.01005025125627,186,9,1,2026-06-10 06:00:00,2026-06-10,2.0,-1954.0,-23.0,-0.06311165660023901
2026-06-18,T4,T4_P3,177,177,1.0,44012.0,40574.16949152543,49829,233.0,223.11864406779662,261,10,1,2026-06-10 06:00:00,2026-06-10,2.0,15005.0,58.0,0.5172889302582135
2026-06-19,T4,T4_P3,198,198,1.0,66634.5,66869.8686868687,79062,351.5,352.2929292929293,401,11,1,2026-06-10 06:00:00,2026-06-10,2.0,22622.5,118.5,0.5140075433972553
2026-06-20,T4,T4_P3,27,27,1.0,100695.0,100345.77777777778,104193,463.0,462.48148148148147,469,12,1,2026-06-10 06:00:00,2026-06-10,2.0,34060.5,111.5,0.5111541318686266
2026-06-22,T4,T4_P3,177,177,1.0,129633.0,127768.96610169491,139972,579.0,629.1581920903955,810,14,1,2026-06-10 06:00:00,2026-06-10,2.0,28938.0,116.0,0.2873826903023983
2026-06-08,T4,T4_P4,176,0,0.0,0.0,0.0,0,0.0,0.0,0,0,1,2026-06-09 10:41:17,2026-06-09,1.0,,,
2026-06-09,T4,T4_P4,198,90,0.45454545454545453,0.0,267.6161616161616,717,0.0,15.358585858585858,38,1,1,2026-06-09 10:41:17,2026-06-09,1.0,0.0,0.0,
2026-06-10,T4,T4_P4,161,161,1.0,1533.0,1507.024844720497,1972,54.0,54.09316770186335,63,2,1,2026-06-09 10:41:17,2026-06-09,1.0,1533.0,54.0,
2026-06-11,T4,T4_P4,199,199,1.0,2990.0,2902.954773869347,3471,77.0,76.51758793969849,82,3,1,2026-06-09 10:41:17,2026-06-09,1.0,1457.0,23.0,0.9504240052185258
2026-06-12,T4,T4_P4,65,65,1.0,4817.0,5405.215384615384,31017,101.0,115.32307692307693,206,4,1,2026-06-09 10:41:17,2026-06-09,1.0,1827.0,24.0,0.6110367892976588
2026-06-13,T4,T4_P4,81,81,1.0,8228.0,8187.716049382716,8756,135.0,136.01234567901236,145,5,1,2026-06-09 10:41:17,2026-06-09,1.0,3411.0,34.0,0.708117085322815
2026-06-14,T4,T4_P4,71,71,1.0,10495.0,10406.042253521127,11011,164.0,163.29577464788733,170,6,1,2026-06-09 10:41:17,2026-06-09,1.0,2267.0,29.0,0.2755226057365095
2026-06-15,T4,T4_P4,144,144,1.0,14684.5,14585.645833333334,15024,208.0,208.56944444444446,218,7,1,2026-06-09 10:41:17,2026-06-09,1.0,4189.5,44.0,0.3991900905192949
2026-06-16,T4,T4_P4,199,199,1.0,16033.0,15587.43216080402,17305,239.0,238.78391959798995,246,8,1,2026-06-09 10:41:17,2026-06-09,1.0,1348.5,31.0,0.09183152303449216
2026-06-17,T4,T4_P4,199,199,1.0,23677.0,23187.231155778896,25613,293.0,293.6030150753769,314,9,1,2026-06-09 10:41:17,2026-06-09,1.0,7644.0,54.0,0.476766668745712
2026-06-18,T4,T4_P4,177,161,0.9096045197740112,35420.0,30412.966101694914,36737,348.0,314.1694915254237,359,10,1,2026-06-09 10:41:17,2026-06-09,1.0,11743.0,55.0,0.4959665498162774
2026-06-19,T4,T4_P4,198,198,1.0,45582.5,45980.631313131315,49942,391.0,392.469696969697,410,11,1,2026-06-09 10:41:17,2026-06-09,1.0,10162.5,43.0,0.286914172783738
2026-06-20,T4,T4_P4,27,27,1.0,57558.0,56896.148148148146,59891,426.0,425.44444444444446,430,12,1,2026-06-09 10:41:17,2026-06-09,1.0,11975.5,35.0,0.26272143914879614
2026-06-22,T4,T4_P4,177,177,1.0,91083.0,90206.2768361582,96694,520.0,518.6949152542373,520,14,1,2026-06-09 10:41:17,2026-06-09,1.0,33525.0,94.0,0.5824559574689878
