Plant_ID,Tray,Emergence_DateTime,Emergence_Date,Emergence_Day,Emergence_Status,Raw_Final_Leaf_Area_cm2,Leaf_Area_Correction_Factor,Fine_Tuned_Final_Leaf_Area_cm2,Fine_Tuned_Maximum_Leaf_Area_cm2,Final_Plant_Width_cm,Maximum_Plant_Width_cm,Estimated_Final_Dry_Biomass_g,Measured_Final_Dry_Weight_g,Fiji_Final_Leaf_Area_cm2
T1_P1,T1,2026-06-08 07:48:01,2026-06-08,0.0,Present at start of imaging,41.81326899461833,3.513310571792592,146.903,205.83141323222688,13.59854394175767,13.59854394175767,0.8298884088491683,1.085,146.903
T1_P2,T1,2026-06-09 06:33:59,2026-06-09,1.0,First visible seedling detected,66.11673723319187,0.5409069094541811,35.763,35.763,14.924596983879354,14.924596983879354,0.04010726135603812,0.089,35.763
T1_P3,T1,2026-06-09 06:19:27,2026-06-09,1.0,First visible seedling detected,69.7309223622195,2.109709652710773,147.112,165.49529488869928,16.614664586583462,16.614664586583462,0.8313736010376338,0.599,147.112
T1_P4,T1,2026-06-12 06:00:00,2026-06-12,4.0,First visible seedling detected,29.06356503870139,4.826076904647593,140.263,140.263,11.336453458138324,11.336453458138324,0.7827033555888265,0.768,140.263
T2_P1,T2,2026-06-08 07:48:01,2026-06-08,0.0,Present at start of imaging,124.69952776270176,0.4814934032008328,60.042,60.042,19.760790431617263,19.760790431617263,0.21263827161324264,0.138,60.042
T2_P3,T2,2026-06-09 08:20:58,2026-06-09,1.0,First visible seedling detected,59.53332257055232,2.594328576520555,154.449,154.449,16.224648985959437,16.224648985959437,0.8835116636537677,0.755,154.449
T2_P4,T2,2026-06-15 15:14:15,2026-06-15,7.0,First visible seedling detected,5.011588919094985,29.900497111614733,149.849,149.849,4.030161206448258,4.030161206448258,0.8508232231420849,0.916,149.849
T3_P1,T3,2026-06-08 19:18:22,2026-06-08,0.0,Present at start of imaging,98.68361453126872,1.4613469590162365,144.211,144.211,16.614664586583462,16.614664586583462,0.8107585649671141,0.606,144.211
T3_P2,T3,2026-06-10 06:00:00,2026-06-10,2.0,First visible seedling detected,91.19699161341389,1.9208309057229274,175.174,175.174,17.888715548621946,17.888715548621946,1.0307873005243373,0.93,175.174
T3_P4,T3,2026-06-11 06:00:00,2026-06-11,3.0,First visible seedling detected,21.76556121007191,7.520642285311384,163.691,163.691,10.244409776391056,10.244409776391056,0.9491870043513697,0.928,163.691
T4_P1,T4,2026-06-09 07:13:16,2026-06-09,1.0,First visible seedling detected,49.40535634945938,2.209153178209883,109.14400000000002,151.59544372528362,13.026521060842432,13.026521060842432,0.5615660555272942,0.502,109.144
T4_P2,T4,2026-06-08 07:48:01,2026-06-08,0.0,Present at start of imaging,106.03029425389184,1.4958177860020276,158.602,158.602,21.320852834113364,21.320852834113364,0.913023640489641,0.835,158.602
T4_P3,T4,2026-06-10 06:00:00,2026-06-10,2.0,First visible seedling detected,87.63891897329559,1.5506809256902179,135.9,135.9,15.054602184087363,15.054602184087363,0.7516990803817677,0.82,135.9
T4_P4,T4,2026-06-09 10:41:17,2026-06-09,1.0,First visible seedling detected,61.577034064201875,2.445197341642239,150.568,150.568,13.520540821632865,13.520540821632865,0.8559325685177155,1.333,150.568
