Plant_ID,x1_preview,y1_preview,x2_preview,y2_preview,green_pixels_preview,mask_fraction,mask_touches_edge,review_note
T1_P1,356,6,588,278,12193,0.1932,True,REVIEW: ROI edge
T1_P2,636,13,897,306,20383,0.2665,True,REVIEW: ROI edge
T1_P3,352,294,636,505,19878,0.3317,True,REVIEW: ROI edge
T1_P4,672,313,910,453,8996,0.27,True,REVIEW: ROI edge
T2_P1,952,35,1290,363,35702,0.322,True,REVIEW: ROI edge
T2_P2,1350,154,1517,335,0,0.0,False,REVIEW: near-empty ROI
T2_P3,961,372,1279,512,18559,0.4169,True,REVIEW: ROI edge
T2_P4,1336,372,1492,492,1409,0.0753,False,VISUAL REVIEW
T4_P1,303,524,525,806,13763,0.2198,True,REVIEW: ROI edge
T4_P2,563,534,928,758,29674,0.3629,True,REVIEW: ROI edge
T4_P3,312,825,672,1090,25206,0.2642,True,REVIEW: ROI edge
T4_P4,704,808,935,1037,17623,0.3331,True,REVIEW: ROI edge
T3_P1,974,538,1258,794,29068,0.3998,True,REVIEW: ROI edge
T3_P3,1314,579,1456,761,0,0.0,False,REVIEW: near-empty ROI
T3_P2,965,796,1271,989,25547,0.4326,True,REVIEW: ROI edge
T3_P4,1311,792,1505,958,6090,0.1891,True,REVIEW: ROI edge
